"Search Terms","Hearings"
"Total Count","95"
"index","collection","packageId","granuleId","title","detailsLink","pdfLink","htmlLink","xmlLink","otherLink1","otherLink2","teaser","historical","publishdate"
"1","Congressional Hearings","CHRG-116shrg43476","CHRG-116shrg43476","U.S. China: Winning the Economic Competition, Part II","https://www.govinfo.gov/app/details/CHRG-116shrg43476/CHRG-116shrg43476","https://www.govinfo.gov/content/pkg/CHRG-116shrg43476/pdf/CHRG-116shrg43476.pdf","https://www.govinfo.gov/content/pkg/CHRG-116shrg43476/html/CHRG-116shrg43476.htm","","","","HOUSING,AND URBAN AFFAIRS UNITED STATES SENATE ONE HUNDRED SIXTEENTH CONGRESS FIRST SESSION ON EXAMINING THE HIGH STAKES OF THE STRATEGIC ECONOMIC COMPETITION BETWEEN THE UNITED STATES AND CHINA DECEMBER 16, 2020 Printed for the use of the Committee on Banking, Housing, and Urban Affairs Available at: https: //www.govinfo.gov / ______ U.S. ...","","2020-12-16"
"2","Congressional Hearings","CHRG-116shrg43336","CHRG-116shrg43336","From Languages to Homelands: Advancing Tribal Self-Governance and Cultural Sovereignty for Future Generations","https://www.govinfo.gov/app/details/CHRG-116shrg43336/CHRG-116shrg43336","https://www.govinfo.gov/content/pkg/CHRG-116shrg43336/pdf/CHRG-116shrg43336.pdf","https://www.govinfo.gov/content/pkg/CHRG-116shrg43336/html/CHRG-116shrg43336.htm","","",""," ON INDIAN AFFAIRS UNITED STATES SENATE ONE HUNDRED SIXTEENTH CONGRESS SECOND SESSION DECEMBER 9, 2020 Printed for the use of the Committee on Indian Affairs [GRAPHIC NOT AVAILABLE IN TIFF FORMAT] U.S. GOVERNMENT PUBLISHING OFFICE 43-336 PDF WASHINGTON : 2021 COMMITTEE ON INDIAN AFFAIRS JOHN HOEVEN, North Dakota, Chairman TOM UDALL, New Mexico...","","2020-12-09"
"3","Congressional Hearings","CHRG-116shrg43278","CHRG-116shrg43278","State and Local Cybersecurity: Defending Our Communities from Cyber Threats Amid Covid 19","https://www.govinfo.gov/app/details/CHRG-116shrg43278/CHRG-116shrg43278","https://www.govinfo.gov/content/pkg/CHRG-116shrg43278/pdf/CHRG-116shrg43278.pdf","https://www.govinfo.gov/content/pkg/CHRG-116shrg43278/html/CHRG-116shrg43278.htm","","","","SPENDING OVERSIGHT AND EMERGENCY MANAGEMENT of the COMMITTEE ON HOMELAND SECURITY AND GOVERNMENTAL AFFAIRS UNITED STATES SENATE ONE HUNDRED SIXTEENTH CONGRESS SECOND SESSION DECEMBER 2, 2020 Available via http://www.govinfo.gov Printed for the use of the Committee on Homeland Security and Governmental Affairs [GRAPHIC(S) NOT AVAILABLE IN TIFF ...","","2020-12-02"
"4","Congressional Hearings","CHRG-116shrg42932","CHRG-116shrg42932","Business Meeting","https://www.govinfo.gov/app/details/CHRG-116shrg42932/CHRG-116shrg42932","https://www.govinfo.gov/content/pkg/CHRG-116shrg42932/pdf/CHRG-116shrg42932.pdf","https://www.govinfo.gov/content/pkg/CHRG-116shrg42932/html/CHRG-116shrg42932.htm","","",""," SESSION DECEMBER 2, 2020 Printed for the use of the Committee on Environment and Public Works [GRAPHIC NOT AVAILABLE IN TIFF FORMAT] Available via the World Wide Web: http://www.govinfo.gov U.S. GOVERNMENT PUBLISHING OFFICE 42-932 PDF WASHINGTON : 2021 COMMITTEE ON ENVIRONMENT AND PUBLIC WORKS ONE HUNDRED SIXTEENTH CONGRESS SECOND SESSION JOHN ...","","2020-12-02"
"5","Congressional Hearings","CHRG-116shrg43445","CHRG-116shrg43445","The Quarterly Cares Act Report to Congress","https://www.govinfo.gov/app/details/CHRG-116shrg43445/CHRG-116shrg43445","https://www.govinfo.gov/content/pkg/CHRG-116shrg43445/pdf/CHRG-116shrg43445.pdf","https://www.govinfo.gov/content/pkg/CHRG-116shrg43445/html/CHRG-116shrg43445.htm","","",""," HUNDRED SIXTEENTH CONGRESS SECOND SESSION ON EXAMINING TESTIMONY FROM THE SECRETARY OF THE TREASURY AND THE CHAIRMAN OF THE FEDERAL RESERVE, AS REQUIRED UNDER TITLE IV OF THE CARES ACT DECEMBER 1, 2020 Printed for the use of the Committee on Banking, Housing, and Urban Affairs [GRAPHIC(S) NOT AVAILABLE IN TIFF FORMAT] Available at: https: //...","","2020-12-01"
"6","Congressional Hearings","CHRG-116shrg42427","CHRG-116shrg42427","Nomination Hearing for Members of the Federal Election Commission","https://www.govinfo.gov/app/details/CHRG-116shrg42427/CHRG-116shrg42427","https://www.govinfo.gov/content/pkg/CHRG-116shrg42427/pdf/CHRG-116shrg42427.pdf","https://www.govinfo.gov/content/pkg/CHRG-116shrg42427/html/CHRG-116shrg42427.htm","","",""," SENATE ONE HUNDRED SIXTEENTH CONGRESS SECOND SESSION NOVEMBER 18, 2020 Printed for the use of the Committee on Rules and Administration [GRAPHIC(S) NOT AVAILABLE IN TIFF FORMAT] Available on http://www.govinfo.gov ______ U.S. GOVERNMENT PUBLISHING OFFICE 42-427 PDF WASHINGTON : 2021 COMMITTEE ON RULES AND ADMINISTRATION SECOND SESSION ROY BLUNT...","","2020-11-18"
"7","Congressional Hearings","CHRG-116shrg42886","CHRG-116shrg42886","Modernizing Federal Telework Moving Forward Using Lessons Learned During the Covid-19 Pandemic","https://www.govinfo.gov/app/details/CHRG-116shrg42886/CHRG-116shrg42886","https://www.govinfo.gov/content/pkg/CHRG-116shrg42886/pdf/CHRG-116shrg42886.pdf","https://www.govinfo.gov/content/pkg/CHRG-116shrg42886/html/CHRG-116shrg42886.htm","","",""," REGULATORY AFFAIRS AND FEDERAL MANAGEMENT OF THE COMMITTEE ON HOMELAND SECURITY AND GOVERNMENTAL AFFAIRS UNITED STATES SENATE ONE HUNDRED SIXTEENTH CONGRESS SECOND SESSION NOVEMBER 18, 2020 Available via http://www.govinfo.gov Printed for the use of the Committee on Homeland Security and Governmental Affairs [GRAPHIC NOT AVAILABLE IN TIFF FORMAT]...","","2020-11-18"
"8","Congressional Hearings","CHRG-116shrg42358","CHRG-116shrg42358","Hearing to Review S. 959, Smithsonian American Women's History Museum Act; and S. 1267, National Museum of the American Latino Act","https://www.govinfo.gov/app/details/CHRG-116shrg42358/CHRG-116shrg42358","https://www.govinfo.gov/content/pkg/CHRG-116shrg42358/pdf/CHRG-116shrg42358.pdf","https://www.govinfo.gov/content/pkg/CHRG-116shrg42358/html/CHRG-116shrg42358.htm","","",""," HEARING BEFORE THE COMMITTEE ON RULES AND ADMINISTRATION UNITED STATES SENATE ONE HUNDRED SIXTEENTH CONGRESS SECOND SESSION NOVEMBER 17, 2020 Printed for the use of the Committee on Rules and Administration [GRAPHIC NOT AVAILABLE IN TIFF FORMAT] Available on http://www.govinfo.gov U.S. GOVERNMENT PUBLISHING OFFICE 42-358 WASHINGTON : 2021 ...","","2020-11-17"
"9","Congressional Hearings","CHRG-116shrg43458","CHRG-116shrg43458","Modernizing the Endangered Species Act: Legislative Hearing on S. 4589, the Endangered Species Act Amendments of 2020","https://www.govinfo.gov/app/details/CHRG-116shrg43458/CHRG-116shrg43458","https://www.govinfo.gov/content/pkg/CHRG-116shrg43458/pdf/CHRG-116shrg43458.pdf","https://www.govinfo.gov/content/pkg/CHRG-116shrg43458/html/CHRG-116shrg43458.htm","","",""," COMMITTEE ON ENVIRONMENT AND PUBLIC WORKS UNITED STATES SENATE ONE HUNDRED SIXTEENTH CONGRESS SECOND SESSION SEPTEMBER 23, 2020 Printed for the use of the Committee on Environment and Public Works [GRAPHIC(S) NOT AVAILABLE IN TIFF FORMAT] Available via the World Wide Web: http://www.govinfo.gov MODERNIZING THE ENDANGERED SPECIES ACT: LEGISLATIVE...","","2020-09-23"
"10","Congressional Hearings","CHRG-116shrg42479","CHRG-116shrg42479","S. 3126, S. 3264, S. 3937, S. 4079, and S. 4556","https://www.govinfo.gov/app/details/CHRG-116shrg42479/CHRG-116shrg42479","https://www.govinfo.gov/content/pkg/CHRG-116shrg42479/pdf/CHRG-116shrg42479.pdf","https://www.govinfo.gov/content/pkg/CHRG-116shrg42479/html/CHRG-116shrg42479.htm","","",""," CONGRESS SECOND SESSION SEPTEMBER 23, 2020 Printed for the use of the Committee on Indian Affairs [GRAPHIC(S) NOT AVAILABLE IN TIFF FORMAT] U.S. GOVERNMENT PUBLISHING OFFICE 42-479 PDF WASHINGTON : 2021 COMMITTEE ON INDIAN AFFAIRS JOHN HOEVEN, North Dakota, Chairman TOM UDALL, New Mexico, Vice Chairman JOHN BARRASSO, Wyoming MARIA CANTWELL, ...","","2020-09-23"
"11","Congressional Hearings","CHRG-116shrg41959","CHRG-116shrg41959","Nomination of the Hon. Chad F. Wolf","https://www.govinfo.gov/app/details/CHRG-116shrg41959/CHRG-116shrg41959","https://www.govinfo.gov/content/pkg/CHRG-116shrg41959/pdf/CHRG-116shrg41959.pdf","https://www.govinfo.gov/content/pkg/CHRG-116shrg41959/html/CHRG-116shrg41959.htm","","",""," SIXTEENTH CONGRESS SECOND SESSION SEPTEMBER 23, 2020 Available via the World Wide Web: http://www.govinfo.gov Printed for the use of the Committee on Homeland Security and Governmental Affairs [GRAPHIC NOT AVAILABLE IN TIFF FORMAT] U.S. GOVERNMENT PUBLISHING OFFICE 41-959 PDF WASHINGTON : 2021 COMMITTEE ON HOMELAND SECURITY AND GOVERNMENTAL ...","","2020-09-23"
"12","Congressional Hearings","CHRG-116shrg44023","CHRG-116shrg44023","The Congressional Budget Office's Updated Budget Outlook","https://www.govinfo.gov/app/details/CHRG-116shrg44023/CHRG-116shrg44023","https://www.govinfo.gov/content/pkg/CHRG-116shrg44023/pdf/CHRG-116shrg44023.pdf","https://www.govinfo.gov/content/pkg/CHRG-116shrg44023/html/CHRG-116shrg44023.htm","","","","SIXTEENTH CONGRESS SECOND SESSION September 23, 2020 Printed for the use of the Committee on the Budget [GRAPHIC NOT AVAILABLE IN TIFF FORMAT] U.S. GOVERNMENT PUBLISHING OFFICE 44-023 WASHINGTON : 2021 COMMITTEE ON THE BUDGET MICHAEL B. ENZI, Wyoming, Chairman CHARLES E. GRASSLEY, Iowa BERNARD SANDERS, Vermont MIKE CRAPO, Idaho PATTY MURRAY, ...","","2020-09-23"
"13","Congressional Hearings","CHRG-116shrg42188","CHRG-116shrg42188","The Economic Impact of America's Failure to Contain the Coronavirus","https://www.govinfo.gov/app/details/CHRG-116shrg42188/CHRG-116shrg42188","https://www.govinfo.gov/content/pkg/CHRG-116shrg42188/pdf/CHRG-116shrg42188.pdf","https://www.govinfo.gov/content/pkg/CHRG-116shrg42188/html/CHRG-116shrg42188.htm","","",""," UNITED STATES ONE HUNDRED SIXTEENTH CONGRESS SECOND SESSION SEPTEMBER 22, 2020 Printed for the use of the Joint Economic Committee [GRAPHIC(S) NOT AVAILABLE IN TIFF FORMAT] Available via the World Wide Web: http://www.govinfo.gov ______ U.S. GOVERNMENT PUBLISHING OFFICE 42-188 WASHINGTON : 2021 JOINT ECONOMIC COMMITTEE [Created pursuant to Sec. ...","","2020-09-22"
"14","Congressional Hearings","CHRG-116shrg42239","CHRG-116shrg42239","Advancing U.S. Engagement and Countering China in the Indo-Pacific and Beyond","https://www.govinfo.gov/app/details/CHRG-116shrg42239/CHRG-116shrg42239","https://www.govinfo.gov/content/pkg/CHRG-116shrg42239/pdf/CHRG-116shrg42239.pdf","https://www.govinfo.gov/content/pkg/CHRG-116shrg42239/html/CHRG-116shrg42239.htm","","",""," STATES SENATE ONE HUNDRED SIXTEENTH CONGRESS SECOND SESSION SEPTEMBER 17, 2020 Printed for the use of the Committee on Foreign Relations [GRAPHIC NOT AVAILABLE IN TIFF FORMAT] Available via the World Wide Web: http://www.govinfo.gov U.S. GOVERNMENT PUBLISHING OFFICE 42-239 PDF WASHINGTON : 2020 COMMITTEE ON FOREIGN RELATIONS JAMES E. RISCH, Idaho...","","2020-09-17"
"15","Congressional Hearings","CHRG-116shrg44022","CHRG-116shrg44022","Senate Budget Committee Housing Roundtable: Examing Federal Housing Assistance Programs","https://www.govinfo.gov/app/details/CHRG-116shrg44022/CHRG-116shrg44022","https://www.govinfo.gov/content/pkg/CHRG-116shrg44022/pdf/CHRG-116shrg44022.pdf","https://www.govinfo.gov/content/pkg/CHRG-116shrg44022/html/CHRG-116shrg44022.htm","","",""," UNITED STATES SENATE ONE HUNDRED SIXTEENTH CONGRESS SECOND SESSION September 16, 2020 Printed for the use of the Committee on the Budget [GRAPHIC(S) NOT AVAILABLE IN TIFF FORMAT] U.S. GOVERNMENT PUBLISHING OFFICE 44-022 WASHINGTON : 2021 COMMITTEE ON THE BUDGET MICHAEL B. ENZI, Wyoming, Chairman CHARLES E. GRASSLEY, Iowa BERNARD SANDERS, Vermont ...","","2020-09-16"
"16","Congressional Hearings","CHRG-116shrg19104894","CHRG-116shrg19104894","Departments of Labor, Health and Human Services, and Education, and Related Agencies Appropriations for Fiscal Year 2021","https://www.govinfo.gov/app/details/CHRG-116shrg19104894/CHRG-116shrg19104894","https://www.govinfo.gov/content/pkg/CHRG-116shrg19104894/pdf/CHRG-116shrg19104894.pdf","https://www.govinfo.gov/content/pkg/CHRG-116shrg19104894/html/CHRG-116shrg19104894.htm","","",""," U.S. Senate, Subcommittee of the Committee on Appropriations, Washington, DC. The subcommittee met at 10:12 a.m. in room SD-G50, Dirksen Senate Office Building, Hon. Roy Blunt, (chairman) presiding. Present: Senators Blunt, Alexander, Graham, Moran, Capito, Kennedy, Hyde-Smith, Lankford, Murray, Durbin, Reed, Shaheen, Merkley, Schatz, Baldwin, ...","","2020-09-16"
"17","Congressional Hearings","CHRG-116shrg42119","CHRG-116shrg42119","Energy and Environmental Innovation: Wyoming's Leadership in Using and Storing Carbon Dioxide Emissions","https://www.govinfo.gov/app/details/CHRG-116shrg42119/CHRG-116shrg42119","https://www.govinfo.gov/content/pkg/CHRG-116shrg42119/pdf/CHRG-116shrg42119.pdf","https://www.govinfo.gov/content/pkg/CHRG-116shrg42119/html/CHRG-116shrg42119.htm","","",""," ON ENVIRONMENT AND PUBLIC WORKS UNITED STATES SENATE ONE HUNDRED SIXTEENTH CONGRESS SECOND SESSION AUGUST 19, 2020 Printed for the use of the Committee on Environment and Public Works [GRAPHIC NOT AVAILABLE IN TIFF FORMAT] Available via the World Wide Web: http://www.govinfo.gov U.S. GOVERNMENT PUBLISHING OFFICE 42-119PDF WASHINGTON : 2020 ...","","2020-08-19"
"18","Congressional Hearings","CHRG-116shrg41488","CHRG-116shrg41488","EXAMINATION OF THE MAIN STREET LENDING PROGRAM","https://www.govinfo.gov/app/details/CHRG-116shrg41488/CHRG-116shrg41488","https://www.govinfo.gov/content/pkg/CHRG-116shrg41488/pdf/CHRG-116shrg41488.pdf","https://www.govinfo.gov/content/pkg/CHRG-116shrg41488/html/CHRG-116shrg41488.htm","","",""," SESSION ON EXAMINING THE MAIN STREET LENDING PROGRAM CREATED BY THE FEDERAL RESERVE, PURSUANT TO THE CARES ACT AUGUST 7, 2020 Printed for the use of the Congressional Oversight Commission [GRAPHIC(S) NOT AVAILABLE IN TIFF FORMAT] Available at: https://www.govinfo.gov/ ________ U.S. GOVERNMENT PUBLISHING OFFICE 41-488 WASHINGTON : 2021 ...","","2020-08-07"
"19","Congressional Hearings","CHRG-116shrg42869","CHRG-116shrg42869","Oversight of DHS Personnel Deployments to Recent Protests","https://www.govinfo.gov/app/details/CHRG-116shrg42869/CHRG-116shrg42869","https://www.govinfo.gov/content/pkg/CHRG-116shrg42869/pdf/CHRG-116shrg42869.pdf","https://www.govinfo.gov/content/pkg/CHRG-116shrg42869/html/CHRG-116shrg42869.htm","","","","UNITED STATES SENATE ONE HUNDRED SIXTEENTH CONGRESS SECOND SESSION AUGUST 6, 2020 Available via the World Wide Web: http://www.govinfo.gov Printed for the use of the Committee on Homeland Security and Governmental Affairs [GRAPHIC NOT AVAILABLE IN TIFF FORMAT] U.S. GOVERNMENT PUBLISHING OFFICE 42-869 PDF WASHINGTON : 2021 COMMITTEE ON HOMELAND ...","","2020-08-06"
"20","Congressional Hearings","CHRG-116shrg41427","CHRG-116shrg41427","Hearing to Examine a Discussion Draft Bill, S. 4897, the American Nuclear Infrastructure Act of 2020","https://www.govinfo.gov/app/details/CHRG-116shrg41427/CHRG-116shrg41427","https://www.govinfo.gov/content/pkg/CHRG-116shrg41427/pdf/CHRG-116shrg41427.pdf","https://www.govinfo.gov/content/pkg/CHRG-116shrg41427/html/CHRG-116shrg41427.htm","","",""," ENVIRONMENT AND PUBLIC WORKS UNITED STATES SENATE ONE HUNDRED SIXTEENTH CONGRESS SECOND SESSION AUGUST 5, 2020 Printed for the use of the Committee on Environment and Public Works [GRAPHIC NOT AVAILABLE IN TIFF FORMAT] Available via the World Wide Web: http://www.govinfo.gov U.S. GOVERNMENT PUBLISHING OFFICE 41-427 PDF WASHINGTON : 2020 COMMITTEE...","","2020-08-05"
"21","Congressional Hearings","CHRG-116shrg41402","CHRG-116shrg41402","Federal and Industry Efforts to Improve Cybersecurity for the Energy Sector, Including How to Improve Collaboration on Various Cybersecurity and Critical Infrastructure Protection Initiatives","https://www.govinfo.gov/app/details/CHRG-116shrg41402/CHRG-116shrg41402","https://www.govinfo.gov/content/pkg/CHRG-116shrg41402/pdf/CHRG-116shrg41402.pdf","https://www.govinfo.gov/content/pkg/CHRG-116shrg41402/html/CHRG-116shrg41402.htm","","",""," AND CRITICAL INFRASTRUCTURE PROTECTION INITIATIVES HEARING BEFORE THE COMMITTEE ON ENERGY AND NATURAL RESOURCES UNITED STATES SENATE ONE HUNDRED SIXTEENTH CONGRESS SECOND SESSION AUGUST 5, 2020 [GRAPHIC NOT AVAILABLE IN TIFF FORMAT] Printed for the use of the Committee on Energy and Natural Resources Available via the World Wide Web: http:/...","","2020-08-05"
"22","Congressional Hearings","CHRG-116shrg42238","CHRG-116shrg42238","Venezuela in Maduro's Grasp: Assessing the Deteriorating Security and Humanitarian Situation","https://www.govinfo.gov/app/details/CHRG-116shrg42238/CHRG-116shrg42238","https://www.govinfo.gov/content/pkg/CHRG-116shrg42238/pdf/CHRG-116shrg42238.pdf","https://www.govinfo.gov/content/pkg/CHRG-116shrg42238/html/CHRG-116shrg42238.htm","","","","RELATIONS UNITED STATES SENATE ONE HUNDRED SIXTEENTH CONGRESS SECOND SESSION AUGUST 4, 2020 Printed for the use of the Committee on Foreign Relations [GRAPHIC(S) NOT AVAILABLE IN TIFF FORMAT] Available via the World Wide Web: http://www.govinfo.gov ______ U.S. GOVERNMENT PUBLISHING OFFICE 42-238 PDF WASHINGTON : 2020 COMMITTEE ON FOREIGN RELATIONS ...","","2020-08-04"
"23","Congressional Hearings","CHRG-116shrg41495","CHRG-116shrg41495","Reducing Uncertainty and Restoring Confidence During the Coronavirus Recession","https://www.govinfo.gov/app/details/CHRG-116shrg41495/CHRG-116shrg41495","https://www.govinfo.gov/content/pkg/CHRG-116shrg41495/pdf/CHRG-116shrg41495.pdf","https://www.govinfo.gov/content/pkg/CHRG-116shrg41495/html/CHRG-116shrg41495.htm","","",""," OF THE UNITED STATES ONE HUNDRED SIXTEENTH CONGRESS SECOND SESSION JULY 30, 2020 Printed for the use of the Joint Economic Committee [GRAPHIC(S) NOT AVAILABLE IN TIFF FORMAT] Available via the World Wide Web: http://www.govinfo.gov ______ U.S. GOVERNMENT PUBLISHING OFFICE 41-495 WASHINGTON : 2021 JOINT ECONOMIC COMMITTEE [Created pursuant to...","","2020-07-30"
"24","Congressional Hearings","CHRG-116shrg42457","CHRG-116shrg42457","Preparing to Head Back to Class: Addressing How to Safely Reopen Bureau of Indian Education Schools","https://www.govinfo.gov/app/details/CHRG-116shrg42457/CHRG-116shrg42457","https://www.govinfo.gov/content/pkg/CHRG-116shrg42457/pdf/CHRG-116shrg42457.pdf","https://www.govinfo.gov/content/pkg/CHRG-116shrg42457/html/CHRG-116shrg42457.htm","","",""," AFFAIRS UNITED STATES SENATE ONE HUNDRED SIXTEENTH CONGRESS SECOND SESSION JULY 29, 2020 Printed for the use of the Committee on Indian Affairs [GRAPHIC(S) NOT AVAILABLE IN TIFF FORMAT] U.S. GOVERNMENT PUBLISHING OFFICE 42-457 PDF WASHINGTON : 2021 COMMITTEE ON INDIAN AFFAIRS JOHN HOEVEN, North Dakota, Chairman TOM UDALL, New Mexico, Vice ...","","2020-07-29"
"25","Congressional Hearings","CHRG-116shrg41322","CHRG-116shrg41322","Lessons Learned from Remote Working During Covid-19: Can the Government Save Money Through Maximizing Efficient Use of Leased Space?","https://www.govinfo.gov/app/details/CHRG-116shrg41322/CHRG-116shrg41322","https://www.govinfo.gov/content/pkg/CHRG-116shrg41322/pdf/CHRG-116shrg41322.pdf","https://www.govinfo.gov/content/pkg/CHRG-116shrg41322/html/CHRG-116shrg41322.htm","","","","HEARING before the COMMITTEE ON ENVIRONMENT AND PUBLIC WORKS UNITED STATES SENATE ONE HUNDRED SIXTEENTH CONGRESS SECOND SESSION JULY 29, 2020 Printed for the use of the Committee on Environment and Public Works [GRAPHIC(S) NOT AVAILABLE IN TIFF FORMAT] Available via the World Wide Web: http://www.govinfo.gov ______ U.S. GOVERNMENT PUBLISHING OFFICE...","","2020-07-29"
"26","Congressional Hearings","CHRG-116shrg41324","CHRG-116shrg41324","Modernizing Telework: Review of Private Sector Telework Policies During the Covid-19 Pandemic","https://www.govinfo.gov/app/details/CHRG-116shrg41324/CHRG-116shrg41324","https://www.govinfo.gov/content/pkg/CHRG-116shrg41324/pdf/CHRG-116shrg41324.pdf","https://www.govinfo.gov/content/pkg/CHRG-116shrg41324/html/CHRG-116shrg41324.htm","","",""," AFFAIRS AND FEDERAL MANAGEMENT of the COMMITTEE ON HOMELAND SECURITY AND GOVERNMENTAL AFFAIRS UNITED STATES SENATE ONE HUNDRED SIXTEENTH CONGRESS SECOND SESSION JULY 28, 2020 Available via http://www.govinfo.gov Printed for the use of the Committee on Homeland Security and Governmental Affairs [GRAPHIC(S) NOT AVAILABLE IN TIFF FORMAT] ______...","","2020-07-28"
"27","Congressional Hearings","CHRG-116shrg42133","CHRG-116shrg42133","Stopping the Spread: Examining the Increased Risk of Zoonotic Disease from Illegal Wildlife Trafficking","https://www.govinfo.gov/app/details/CHRG-116shrg42133/CHRG-116shrg42133","https://www.govinfo.gov/content/pkg/CHRG-116shrg42133/pdf/CHRG-116shrg42133.pdf","https://www.govinfo.gov/content/pkg/CHRG-116shrg42133/html/CHRG-116shrg42133.htm","","",""," ON ENVIRONMENT AND PUBLIC WORKS UNITED STATES SENATE ONE HUNDRED SIXTEENTH CONGRESS SECOND SESSION JULY 22, 2020 Printed for the use of the Committee on Environment and Public Works [GRAPHIC NOT AVAILABLE IN TIFF FORMAT] Available via the World Wide Web: http://www.govinfo.gov U.S. GOVERNMENT PUBLISHING OFFICE 42-133 PDF WASHINGTON : 2020 ...","","2020-07-22"
"28","Congressional Hearings","CHRG-116shrg41243","CHRG-116shrg41243","2020 General Election Preparations","https://www.govinfo.gov/app/details/CHRG-116shrg41243/CHRG-116shrg41243","https://www.govinfo.gov/content/pkg/CHRG-116shrg41243/pdf/CHRG-116shrg41243.pdf","https://www.govinfo.gov/content/pkg/CHRG-116shrg41243/html/CHRG-116shrg41243.htm","","",""," CONGRESS SECOND SESSION JULY 22, 2020 Printed for the use of the Committee on Rules and Administration Available on http://www.govinfo.gov 2020 GENERAL ELECTION PREPARATIONS S. Hrg. 116-266 2020 GENERAL ELECTION PREPARATIONS HEARING before the COMMITTEE ON RULES AND ADMINISTRATION UNITED STATES SENATE ONE HUNDRED SIXTEENTH CONGRESS SECOND SESSION...","","2020-07-22"
"29","Congressional Hearings","CHRG-116shrg40866","CHRG-116shrg40866","Open Hearing: Nominations of Christopher C. Miller to Be Director of the National Counterterrorism Center and Patrick Hovakimian to Be General Counsel of the Office of the Director of National Intelligence","https://www.govinfo.gov/app/details/CHRG-116shrg40866/CHRG-116shrg40866","https://www.govinfo.gov/content/pkg/CHRG-116shrg40866/pdf/CHRG-116shrg40866.pdf","https://www.govinfo.gov/content/pkg/CHRG-116shrg40866/html/CHRG-116shrg40866.htm","","",""," GENERAL COUNSEL OF THE OFFICE OF THE DIRECTOR OF NATIONAL INTELLIGENCE HEARING BEFORE THE SELECT COMMITTEE ON INTELLIGENCE OF THE UNITED STATES SENATE ONE HUNDRED SIXTEENTH CONGRESS SECOND SESSION WEDNESDAY, JULY 22, 2020 Printed for the use of the Select Committee on Intelligence [GRAPHIC NOT AVAILABLE IN TIFF FORMAT] Available via the World ...","","2020-07-22"
"30","Congressional Hearings","CHRG-116shrg42191","CHRG-116shrg42191","Advancing Effective U.S. Competition with China: Objectives, Priorities, and Next Steps","https://www.govinfo.gov/app/details/CHRG-116shrg42191/CHRG-116shrg42191","https://www.govinfo.gov/content/pkg/CHRG-116shrg42191/pdf/CHRG-116shrg42191.pdf","https://www.govinfo.gov/content/pkg/CHRG-116shrg42191/html/CHRG-116shrg42191.htm","","",""," UNITED STATES SENATE ONE HUNDRED SIXTEENTH CONGRESS SECOND SESSION JULY 22, 2020 Printed for the use of the Committee on Foreign Relations [GRAPHIC(S) NOT AVAILABLE IN TIFF FORMAT] Available via the World Wide Web: http://www.govinfo.gov U.S. GOVERNMENT PUBLISHING OFFICE 42-191 PDF WASHINGTON : 2020 COMMITTEE ON FOREIGN RELATIONS JAMES E. ...","","2020-07-22"
"31","Congressional Hearings","CHRG-116shrg42704","CHRG-116shrg42704","U.S.-China: Winning the Economic Competition","https://www.govinfo.gov/app/details/CHRG-116shrg42704/CHRG-116shrg42704","https://www.govinfo.gov/content/pkg/CHRG-116shrg42704/pdf/CHRG-116shrg42704.pdf","https://www.govinfo.gov/content/pkg/CHRG-116shrg42704/html/CHRG-116shrg42704.htm","","",""," URBAN AFFAIRS UNITED STATES SENATE ONE HUNDRED SIXTEENTH CONGRESS FIRST SESSION ON EXAMINING THE HIGH STAKES OF THE STRATEGIC ECONOMIC COMPETITION BETWEEN THE UNITED STATES AND CHINA JULY 22, 2020 Printed for the use of the Committee on Banking, Housing, and Urban Affairs [GRAPHIC NOT AVAILABLE IN TIFF FORMAT] Available at: https: //...","","2020-07-22"
"32","Congressional Hearings","CHRG-116shrg42472","CHRG-116shrg42472","Nominations of Hester Peirce, Caroline Crenshaw, and Kyle Hauptman","https://www.govinfo.gov/app/details/CHRG-116shrg42472/CHRG-116shrg42472","https://www.govinfo.gov/content/pkg/CHRG-116shrg42472/pdf/CHRG-116shrg42472.pdf","https://www.govinfo.gov/content/pkg/CHRG-116shrg42472/html/CHRG-116shrg42472.htm","","","","UNITED STATES SENATE ONE HUNDRED SIXTEENTH CONGRESS SECOND SESSION ON NOMINATIONS OF: HESTER PEIRCE, OF OHIO, TO BE A MEMBER OF THE SECURITIES AND EXCHANGE COMMISSION CAROLINE CRENSHAW, OF THE DISTRICT OF COLUMBIA, TO BE A MEMBER OF THE SECURITIES AND EXCHANGE COMMISSION KYLE HAUPTMAN, OF MAINE, TO BE A MEMBER OF THE NATIONAL CREDIT UNION ...","","2020-07-21"
"33","Congressional Hearings","CHRG-116shrg19104893","CHRG-116shrg19104893","Departments of Labor, Health and Human Services, and Education, and Related Agencies Appropriations for Fiscal Year 2021","https://www.govinfo.gov/app/details/CHRG-116shrg19104893/CHRG-116shrg19104893","https://www.govinfo.gov/content/pkg/CHRG-116shrg19104893/pdf/CHRG-116shrg19104893.pdf","https://www.govinfo.gov/content/pkg/CHRG-116shrg19104893/html/CHRG-116shrg19104893.htm","","","","Senate, Subcommittee of the Committee on Appropriations, Washington, DC. The subcommittee met at 10:05 a.m. in room SD-106, Dirksen Senate Office Building, Hon. Roy Blunt (chairman) presiding. Present: Senators Blunt, Shelby, Alexander, Moran, Capito, Kennedy, Murray, Durbin, Shaheen, Merkley, Baldwin, Murphy, and Manchin. DEPARTMENT OF HEALTH AND ...","","2020-07-02"
"34","Congressional Hearings","CHRG-116shrg40974","CHRG-116shrg40974","Better, Faster, Cheaper, Smarter, and Stronger: Infrastructure Development Opportunities to Drive Economic Recovery and Resiliency","https://www.govinfo.gov/app/details/CHRG-116shrg40974/CHRG-116shrg40974","https://www.govinfo.gov/content/pkg/CHRG-116shrg40974/pdf/CHRG-116shrg40974.pdf","https://www.govinfo.gov/content/pkg/CHRG-116shrg40974/html/CHRG-116shrg40974.htm","","",""," BEFORE THE COMMITTEE ON ENVIRONMENT AND PUBLIC WORKS UNITED STATES SENATE ONE HUNDRED SIXTEENTH CONGRESS SECOND SESSION JULY 1, 2020 Printed for the use of the Committee on Environment and Public Works [GRAPHIC NOT AVAILABLE IN TIFF FORMAT] Available via the World Wide Web: http://www.govinfo.gov U.S. GOVERNMENT PUBLISHING OFFICE 40-974 PDF ...","","2020-07-01"
"35","Congressional Hearings","CHRG-116shrg41422","CHRG-116shrg41422","Evaluating the Response and Mitigation to the Covid-19 Pandemic in Native Communities and S. 3650","https://www.govinfo.gov/app/details/CHRG-116shrg41422/CHRG-116shrg41422","https://www.govinfo.gov/content/pkg/CHRG-116shrg41422/pdf/CHRG-116shrg41422.pdf","https://www.govinfo.gov/content/pkg/CHRG-116shrg41422/html/CHRG-116shrg41422.htm","","",""," AFFAIRS UNITED STATES SENATE ONE HUNDRED SIXTEENTH CONGRESS SECOND SESSION JULY 1, 2020 Printed for the use of the Committee on Indian Affairs [GRAPHIC(S) NOT AVAILABLE IN TIFF FORMAT] ______ U.S. GOVERNMENT PUBLISHING OFFICE 41-422 PDF WASHINGTON : 2020 COMMITTEE ON INDIAN AFFAIRS JOHN HOEVEN, North Dakota, Chairman TOM UDALL, New Mexico, Vice...","","2020-07-01"
"36","Congressional Hearings","CHRG-116shrg41934","CHRG-116shrg41934","Business Meeting","https://www.govinfo.gov/app/details/CHRG-116shrg41934/CHRG-116shrg41934","https://www.govinfo.gov/content/pkg/CHRG-116shrg41934/pdf/CHRG-116shrg41934.pdf","https://www.govinfo.gov/content/pkg/CHRG-116shrg41934/html/CHRG-116shrg41934.htm","","",""," SESSION JULY 1, 2020 Printed for the use of the Committee on Environment and Public Works [GRAPHIC NOT AVAILABLE IN TIFF FORMAT] Available via the World Wide Web: http://www.govinfo.gov U.S. GOVERNMENT PUBLISHING OFFICE 41-934 PDF WASHINGTON : 2020 COMMITTEE ON ENVIRONMENT AND PUBLIC WORKS ONE HUNDRED SIXTEENTH CONGRESS SECOND SESSION JOHN ...","","2020-07-01"
"37","Congressional Hearings","CHRG-116shrg45059","CHRG-116shrg45059","Recruitment, Retention and Building a Resilient Veterans Health Care Workforce","https://www.govinfo.gov/app/details/CHRG-116shrg45059/CHRG-116shrg45059","https://www.govinfo.gov/content/pkg/CHRG-116shrg45059/pdf/CHRG-116shrg45059.pdf","https://www.govinfo.gov/content/pkg/CHRG-116shrg45059/html/CHRG-116shrg45059.htm","","",""," STATES SENATE ONE HUNDRED SIXTEENTH CONGRESS SECOND SESSION JULY 1, 2020 Printed for the use of the Committee on Veterans' Affairs [GRAPHIC NOT AVAILABLE IN TIFF FORMAT] Available via the World Wide Web: http://www.govinfo.gov U.S. GOVERNMENT PUBLISHING OFFICE 45-059 PDF WASHINGTON : 2021 COMMITTEE ON VETERANS' AFFAIRS Jerry Moran, Kansas, ...","","2020-07-01"
"38","Congressional Hearings","CHRG-116shrg41259","CHRG-116shrg41259","Nomination of Hon. Derek T. Kan","https://www.govinfo.gov/app/details/CHRG-116shrg41259/CHRG-116shrg41259","https://www.govinfo.gov/content/pkg/CHRG-116shrg41259/pdf/CHRG-116shrg41259.pdf","https://www.govinfo.gov/content/pkg/CHRG-116shrg41259/html/CHRG-116shrg41259.htm","","",""," SIXTEENTH CONGRESS SECOND SESSION NOMINATION OF HON. DEREK T. KAN TO BE DEPUTY DIRECTOR, OFFICE OF MANAGEMENT AND BUDGET JUNE 30, 2020 Available via the World Wide Web: http://www.govinfo.gov Printed for the use of the Committee on Homeland Security and Governmental Affairs [GRAPHIC NOT AVAILABLE IN TIFF FORMAT] U.S. GOVERNMENT PUBLISHING OFFICE ...","","2020-06-30"
"39","Congressional Hearings","CHRG-116shrg42357","CHRG-116shrg42357","S. 2165, S. 2716, S. 2912, S. 3019, S. 3044, S. 3099, and S. 3100","https://www.govinfo.gov/app/details/CHRG-116shrg42357/CHRG-116shrg42357","https://www.govinfo.gov/content/pkg/CHRG-116shrg42357/pdf/CHRG-116shrg42357.pdf","https://www.govinfo.gov/content/pkg/CHRG-116shrg42357/html/CHRG-116shrg42357.htm","","",""," ONE HUNDRED SIXTEENTH CONGRESS SECOND SESSION JUNE 24, 2020 Printed for the use of the Committee on Indian Affairs [GRAPHIC NOT AVAILABLE IN TIFF FORMAT] U.S. GOVERNMENT PUBLISHING OFFICE 42-357 PDF WASHINGTON : 2021 COMMITTEE ON INDIAN AFFAIRS JOHN HOEVEN, North Dakota, Chairman TOM UDALL, New Mexico, Vice Chairman JOHN BARRASSO, Wyoming MARIA ...","","2020-06-24"
"40","Congressional Hearings","CHRG-116shrg40700","CHRG-116shrg40700","Open Hearing to Consider the Nomination of Peter M. Thomson to Be the Inspector General of the Central Intelligence Agency","https://www.govinfo.gov/app/details/CHRG-116shrg40700/CHRG-116shrg40700","https://www.govinfo.gov/content/pkg/CHRG-116shrg40700/pdf/CHRG-116shrg40700.pdf","https://www.govinfo.gov/content/pkg/CHRG-116shrg40700/html/CHRG-116shrg40700.htm","","",""," THE SELECT COMMITTEE ON INTELLIGENCE OF THE UNITED STATES SENATE ONE HUNDRED SIXTEENTH CONGRESS SECOND SESSION WEDNESDAY, JUNE 24, 2020 Printed for the use of the Select Committee on Intelligence [GRAPHIC NOT AVAILABLE IN TIFF FORMAT] Available via the World Wide Web: http://www.govinfo.gov U.S. GOVERNMENT PUBLISHING OFFICE 40-700 PDF ...","","2020-06-24"
"41","Congressional Hearings","CHRG-116shrg42252","CHRG-116shrg42252","Nomination of the Honorable Derek T. Kan, of California, to Be Deputy Director of the Office of Management and Budget","https://www.govinfo.gov/app/details/CHRG-116shrg42252/CHRG-116shrg42252","https://www.govinfo.gov/content/pkg/CHRG-116shrg42252/pdf/CHRG-116shrg42252.pdf","https://www.govinfo.gov/content/pkg/CHRG-116shrg42252/html/CHRG-116shrg42252.htm","","",""," BUSINESS MEETING BEFORE THE COMMITTEE ON THE BUDGET UNITED STATES SENATE ONE HUNDRED SIXTEENTH CONGRESS SECOND SESSION June 24, 2020--HEARING ON THE NOMINATION OF THE HONORABLE DEREK T. KAN, OF CALIFORNIA, TO BE DEPUTY DIRECTOR OF THE OFFICE OF MANAGEMENT AND BUDGET July 21, 2020--EXECUTIVE BUSINESS MEETING TO CONSIDER THE NOMINATION OF THE ...","","2020-06-24"
"42","Congressional Hearings","CHRG-116shrg40841","CHRG-116shrg40841","Improving Public Service: A Review of Recommendations Made by the National Commission on Military, National, and Public Service","https://www.govinfo.gov/app/details/CHRG-116shrg40841/CHRG-116shrg40841","https://www.govinfo.gov/content/pkg/CHRG-116shrg40841/pdf/CHRG-116shrg40841.pdf","https://www.govinfo.gov/content/pkg/CHRG-116shrg40841/html/CHRG-116shrg40841.htm","","",""," BEFORE THE SUBCOMMITTEE ON REGULATORY AFFAIRS AND FEDERAL MANAGEMENT OF THE COMMITTEE ON HOMELAND SECURITY AND GOVERNMENTAL AFFAIRS UNITED STATES SENATE ONE HUNDRED SIXTEENTH CONGRESS SECOND SESSION JUNE 23, 2020 Available via http://www.govinfo.gov Printed for the use of the Committee on Homeland Security and Governmental Affairs [GRAPHIC NOT ...","","2020-06-23"
"43","Congressional Hearings","CHRG-116shrg42492","CHRG-116shrg42492","Oversight of the Export-Import Bank of the United States","https://www.govinfo.gov/app/details/CHRG-116shrg42492/CHRG-116shrg42492","https://www.govinfo.gov/content/pkg/CHRG-116shrg42492/pdf/CHRG-116shrg42492.pdf","https://www.govinfo.gov/content/pkg/CHRG-116shrg42492/html/CHRG-116shrg42492.htm","","",""," SENATE ONE HUNDRED SIXTEENTH CONGRESS SECOND SESSION ON EXAMINING THE EXPORT-IMPORT BANK'S RECENT ACTIVITIES AND OPERATIONS, THE 7-YEAR REAUTHORIZATION LEGISLATION, AND THE EFFECT OF THE DISRUPTION COVID-19 HAS HAD ON THE U.S. ECONOMY AND ITS IMPACT ON U.S. EXPORTERS JUNE 23, 2020 Printed for the use of the Committee on Banking, Housing, and ...","","2020-06-23"
"44","Congressional Hearings","CHRG-116shrg42192","CHRG-116shrg42192","Covid 19 and U.S. International Pandemic Preparedness, Prevention, and Response","https://www.govinfo.gov/app/details/CHRG-116shrg42192/CHRG-116shrg42192","https://www.govinfo.gov/content/pkg/CHRG-116shrg42192/pdf/CHRG-116shrg42192.pdf","https://www.govinfo.gov/content/pkg/CHRG-116shrg42192/html/CHRG-116shrg42192.htm","","",""," STATES SENATE ONE HUNDRED SIXTEENTH CONGRESS SECOND SESSION JUNE 18 AND JUNE 30, 2020 Printed for the use of the Committee on Foreign Relations [GRAPHIC(S) NOT AVAILABLE IN TIFF FORMAT] Available via the World Wide Web: http://www.govinfo.gov U.S. GOVERNMENT PUBLISHING OFFICE 42-192 PDF WASHINGTON : 2020 COMMITTEE ON FOREIGN RELATIONS JAMES E....","","2020-06-18"
"45","Congressional Hearings","CHRG-116shrg41242","CHRG-116shrg41242","Responding to the Challenges Facing Recycling in the United States","https://www.govinfo.gov/app/details/CHRG-116shrg41242/CHRG-116shrg41242","https://www.govinfo.gov/content/pkg/CHRG-116shrg41242/pdf/CHRG-116shrg41242.pdf","https://www.govinfo.gov/content/pkg/CHRG-116shrg41242/html/CHRG-116shrg41242.htm","","",""," STATES SENATE ONE HUNDRED SIXTEENTH CONGRESS SECOND SESSION JUNE 17, 2020 Printed for the use of the Committee on Environment and Public Works Available via the World Wide Web: http://www.govinfo.gov RESPONDING TO THE CHALLENGES FACING RECYCLING IN THE UNITED STATES S. Hrg. 116-255 RESPONDING TO THE CHALLENGES FACING RECYCLING IN THE UNITED ...","","2020-06-17"
"46","Congressional Hearings","CHRG-116shrg44699","CHRG-116shrg44699","Building a More Resilient VA Supply Chain","https://www.govinfo.gov/app/details/CHRG-116shrg44699/CHRG-116shrg44699","https://www.govinfo.gov/content/pkg/CHRG-116shrg44699/pdf/CHRG-116shrg44699.pdf","https://www.govinfo.gov/content/pkg/CHRG-116shrg44699/html/CHRG-116shrg44699.htm","","",""," CONGRESS SECOND SESSION JUNE 9, 2020 Printed for the use of the Committee on Veterans' Affairs [GRAPHIC NOT AVAILABLE IN TIFF FORMAT] Available via the World Wide Web: http://www.govinfo.gov U.S. GOVERNMENT PUBLISHING OFFICE 44-699 PDF WASHINGTON : 2021 SENATE COMMITTEE ON VETERANS' AFFAIRS Jerry Moran, Kansas, Chairman John Boozman, Arkansas Jon...","","2020-06-09"
"47","Congressional Hearings","CHRG-116shrg40895","CHRG-116shrg40895","Supporting Charitable Giving During the Covid-19 Crisis","https://www.govinfo.gov/app/details/CHRG-116shrg40895/CHRG-116shrg40895","https://www.govinfo.gov/content/pkg/CHRG-116shrg40895/pdf/CHRG-116shrg40895.pdf","https://www.govinfo.gov/content/pkg/CHRG-116shrg40895/html/CHRG-116shrg40895.htm","","",""," ONE HUNDRED SIXTEENTH CONGRESS SECOND SESSION JUNE 9, 2020 Printed for the use of the Joint Economic Committee [GRAPHIC(S) NOT AVAILABLE IN TIFF FORMAT] Available via the World Wide Web: http://www.govinfo.gov ______ U.S. GOVERNMENT PUBLISHING OFFICE 40-895 WASHINGTON : 2020 JOINT ECONOMIC COMMITTEE [Created pursuant to Sec. 5(a) of Public Law...","","2020-06-09"
"48","Congressional Hearings","CHRG-116shrg42249","CHRG-116shrg42249","Crisis in Hong Kong: A Review of U.S. Policy Tools","https://www.govinfo.gov/app/details/CHRG-116shrg42249/CHRG-116shrg42249","https://www.govinfo.gov/content/pkg/CHRG-116shrg42249/pdf/CHRG-116shrg42249.pdf","https://www.govinfo.gov/content/pkg/CHRG-116shrg42249/html/CHRG-116shrg42249.htm","","",""," ONE HUNDRED SIXTEENTH CONGRESS SECOND SESSION ON EXAMINING CURRENT U.S. POLICY TO ADDRESS THE CRISIS IN HONG KONG JUNE 4, 2020 Printed for the use of the Committee on Banking, Housing, and Urban Affairs [GRAPHIC(S) NOT AVAILABLE IN TIFF FORMAT] Available at: https: //www.govinfo.gov / ______ U.S. GOVERNMENT PUBLISHING OFFICE 42-249 PDF ...","","2020-06-04"
"49","Congressional Hearings","CHRG-116shrg41135","CHRG-116shrg41135","Infrastructure: The Road to Recovery","https://www.govinfo.gov/app/details/CHRG-116shrg41135/CHRG-116shrg41135","https://www.govinfo.gov/content/pkg/CHRG-116shrg41135/pdf/CHRG-116shrg41135.pdf","https://www.govinfo.gov/content/pkg/CHRG-116shrg41135/html/CHRG-116shrg41135.htm","","",""," CONGRESS SECOND SESSION JUNE 4, 2020 Printed for the use of the Committee on Environment and Public Works [GRAPHIC NOT AVAILABLE IN TIFF FORMAT] Available via the World Wide Web: http://www.govinfo.gov U.S. GOVERNMENT PUBLISHING OFFICE 41-135 PDF WASHINGTON : 2020 COMMITTEE ON ENVIRONMENT AND PUBLIC WORKS ONE HUNDRED SIXTEENTH CONGRESS ...","","2020-06-04"
"50","Congressional Hearings","CHRG-116shrg42251","CHRG-116shrg42251","Nomination of the Honorable Russell T. Vought, of Virginia, to Be Director of the Office of Management and Budget","https://www.govinfo.gov/app/details/CHRG-116shrg42251/CHRG-116shrg42251","https://www.govinfo.gov/content/pkg/CHRG-116shrg42251/pdf/CHRG-116shrg42251.pdf","https://www.govinfo.gov/content/pkg/CHRG-116shrg42251/html/CHRG-116shrg42251.htm","","",""," BUSINESS MEETING BEFORE THE COMMITTEE ON THE BUDGET UNITED STATES SENATE ONE HUNDRED SIXTEENTH CONGRESS SECOND SESSION June 3, 2020—HEARING ON THE NOMINATION OF THE HONORABLE RUSSELL T. VOUGHT, OF VIRGINIA, TO BE DIRECTOR OF THE OF- FICE OF MANAGEMENT AND BUDGET June 11, 2020—EXECUTIVE BUSINESS MEETING TO CONSIDER THE NOMINATION OF THE ...","","2020-06-03"
"51","Congressional Hearings","CHRG-116shrg44629","CHRG-116shrg44629","Review of the FY 2021 Budget and FY 2022 Advance Appropriations Request and Oversight of Cares Act Supplemental Appropriations for the Department of Veterans Affairs","https://www.govinfo.gov/app/details/CHRG-116shrg44629/CHRG-116shrg44629","https://www.govinfo.gov/content/pkg/CHRG-116shrg44629/pdf/CHRG-116shrg44629.pdf","https://www.govinfo.gov/content/pkg/CHRG-116shrg44629/html/CHRG-116shrg44629.htm","","",""," DEPARTMENT OF VETERANS AFFAIRS HEARING BEFORE THE COMMITTEE ON VETERANS' AFFAIRS UNITED STATES SENATE ONE HUNDRED SIXTEENTH CONGRESS SECOND SESSION JUNE 3, 2020 Printed for the use of the Committee on Veterans' Affairs [GRAPHIC NOT AVAILABLE IN TIFF FORMAT] Available via the World Wide Web: http://www.govinfo.gov U.S. GOVERNMENT PUBLISHING OFFICE...","","2020-06-03"
"52","Congressional Hearings","CHRG-116shrg40721","CHRG-116shrg40721","Nominations of Donald L. Moak, William D. Zollars, Hon. Mark A. Robbins, Carl E. Ross, and Elizabeth J. Shapiro","https://www.govinfo.gov/app/details/CHRG-116shrg40721/CHRG-116shrg40721","https://www.govinfo.gov/content/pkg/CHRG-116shrg40721/pdf/CHRG-116shrg40721.pdf","https://www.govinfo.gov/content/pkg/CHRG-116shrg40721/html/CHRG-116shrg40721.htm","","",""," ON HOMELAND SECURITY AND GOVERNMENTAL AFFAIRS UNITED STATES SENATE ONE HUNDRED SIXTEENTH CONGRESS SECOND SESSION NOMINATION OF DONALD L. MOAK TO BE GOVERNOR, UNITED STATES POSTAL SERVICE, WILLIAM D. ZOLLARS TO BE GOVERNOR, UNITED STATES POSTAL SERVICE, HON. MARK A. ROBBINS TO BE AN ASSOCIATE JUDGE, SUPERIOR COURT OF THE DISTRICT OF COLUMBIA...","","2020-06-03"
"53","Congressional Hearings","CHRG-116shrg40720","CHRG-116shrg40720","Nominations of Russell T. Vought and Craig E. Leen","https://www.govinfo.gov/app/details/CHRG-116shrg40720/CHRG-116shrg40720","https://www.govinfo.gov/content/pkg/CHRG-116shrg40720/pdf/CHRG-116shrg40720.pdf","https://www.govinfo.gov/content/pkg/CHRG-116shrg40720/html/CHRG-116shrg40720.htm","","",""," STATES SENATE ONE HUNDRED SIXTEENTH CONGRESS SECOND SESSION NOMINATION OF HON. RUSSELL T. VOUGHT TO BE DIRECTOR, OFFICE OF MANAGEMENT AND BUDGET AND CRAIG E. LEEN TO BE INSPECTOR GENERAL, OFFICE OF PERSONNEL MANAGEMENT JUNE 2, 2020 Available via the World Wide Web: http://www.govinfo.gov Printed for the use of the Committee on Homeland ...","","2020-06-02"
"54","Congressional Hearings","CHRG-116shrg42248","CHRG-116shrg42248","Implementation of Title IV of the Cares Act","https://www.govinfo.gov/app/details/CHRG-116shrg42248/CHRG-116shrg42248","https://www.govinfo.gov/content/pkg/CHRG-116shrg42248/pdf/CHRG-116shrg42248.pdf","https://www.govinfo.gov/content/pkg/CHRG-116shrg42248/html/CHRG-116shrg42248.htm","","",""," HUNDRED SIXTEENTH CONGRESS SECOND SESSION ON EXAMINING TITLE IV OF THE CARES ACT JUNE 2, 2020 Printed for the use of the Committee on Banking, Housing, and Urban Affairs [GRAPHICS NOT AVAILABLE IN TIFF FORMAT] Available at: https: //www.govinfo.gov / U.S. GOVERNMENT PUBLISHING OFFICE 42-248 PDF WASHINGTON : 2021 COMMITTEE ON BANKING, HOUSING, AND...","","2020-06-02"
"55","Congressional Hearings","CHRG-116shrg42849","CHRG-116shrg42849","Oversight of the Environmental Protection Agency","https://www.govinfo.gov/app/details/CHRG-116shrg42849/CHRG-116shrg42849","https://www.govinfo.gov/content/pkg/CHRG-116shrg42849/pdf/CHRG-116shrg42849.pdf","https://www.govinfo.gov/content/pkg/CHRG-116shrg42849/html/CHRG-116shrg42849.htm","","",""," HUNDRED SIXTEENTH CONGRESS SECOND SESSION MAY 20, 2020 Printed for the use of the Committee on Environment and Public Works [GRAPHIC(S) NOT AVAILABLE IN TIFF FORMAT] Available via the World Wide Web: http://www.govinfo.gov ______ U.S. GOVERNMENT PUBLISHING OFFICE 42-849 PDF WASHINGTON : 2021 COMMITTEE ON ENVIRONMENT AND PUBLIC WORKS ONE HUNDRED ...","","2020-05-20"
"56","Congressional Hearings","CHRG-116shrg40943","CHRG-116shrg40943","Hearing on the Nominations of Beth Harwell and Brian Noland to Be Members of the Board of Directors, and Katherine Crytzer to Be Inspector General, of the Tennessee Valley Authority","https://www.govinfo.gov/app/details/CHRG-116shrg40943/CHRG-116shrg40943","https://www.govinfo.gov/content/pkg/CHRG-116shrg40943/pdf/CHRG-116shrg40943.pdf","https://www.govinfo.gov/content/pkg/CHRG-116shrg40943/html/CHRG-116shrg40943.htm","","",""," GENERAL, OF THE TENNESSEE VALLEY AUTHORITY HEARING BEFORE THE SUBCOMMITTEE ON CLEAN AIR AND NUCLEAR SAFETY OF THE COMMITTEE ON ENVIRONMENT AND PUBLIC WORKS UNITED STATES SENATE ONE HUNDRED SIXTEENTH CONGRESS SECOND SESSION MAY 19, 2020 Printed for the use of the Committee on Environment and Public Works [GRAPHIC(S) NOT AVAILABLE IN TIFF ...","","2020-05-19"
"57","Congressional Hearings","CHRG-116shrg40523","CHRG-116shrg40523","Business Meeting with Information Gathered","https://www.govinfo.gov/app/details/CHRG-116shrg40523/CHRG-116shrg40523","https://www.govinfo.gov/content/pkg/CHRG-116shrg40523/pdf/CHRG-116shrg40523.pdf","https://www.govinfo.gov/content/pkg/CHRG-116shrg40523/html/CHRG-116shrg40523.htm","","",""," SIXTEENTH CONGRESS SECOND SESSION MEETING MAY 6, 2020; INFORMATION GATHERED APRIL 22, 2020 Printed for the use of the Committee on Environment and Public Works [GRAPHIC NOT AVAILABLE IN TIFF FORMAT] Available via the World Wide Web: http://www.govinfo.gov U.S. GOVERNMENT PUBLISHING OFFICE 40-523 PDF WASHINGTON : 2020 COMMITTEE ON ENVIRONMENT ...","","2020-05-06"
"58","Congressional Hearings","CHRG-116shrg42247","CHRG-116shrg42247","Nominations of Brian D. Miller and Dana Wade","https://www.govinfo.gov/app/details/CHRG-116shrg42247/CHRG-116shrg42247","https://www.govinfo.gov/content/pkg/CHRG-116shrg42247/pdf/CHRG-116shrg42247.pdf","https://www.govinfo.gov/content/pkg/CHRG-116shrg42247/html/CHRG-116shrg42247.htm","","",""," HUNDRED SIXTEENTH CONGRESS SECOND SESSION ON NOMINATIONS OF: BRIAN D. MILLER, OF VIRGINIA, TO BE SPECIAL INSPECTOR GENERAL FOR PANDEMIC RECOVERY, DEPARTMENT OF THE TREASURY DANA WADE, OF THE DISTRICT OF COLUMBIA, TO BE ASSISTANT SECRETARY, DEPARTMENT OF HOUSING AND URBAN DEVELOPMENT MAY 5, 2020 Printed for the use of the Committee on Banking, ...","","2020-05-05"
"59","Congressional Hearings","CHRG-116shrg40699","CHRG-116shrg40699","Open Hearing to Consider the Nomination of John L. Ratcliffe to Be Director of National Intelligence","https://www.govinfo.gov/app/details/CHRG-116shrg40699/CHRG-116shrg40699","https://www.govinfo.gov/content/pkg/CHRG-116shrg40699/pdf/CHRG-116shrg40699.pdf","https://www.govinfo.gov/content/pkg/CHRG-116shrg40699/html/CHRG-116shrg40699.htm","","",""," ON INTELLIGENCE OF THE UNITED STATES SENATE ONE HUNDRED SIXTEENTH CONGRESS SECOND SESSION TUESDAY, MAY 5, 2020 Printed for the use of the Select Committee on Intelligence [GRAPHIC NOT AVAILABLE IN TIFF FORMAT] Available via the World Wide Web: http://www.govinfo.gov U.S. GOVERNMENT PUBLISHING OFFICE 40-699 PDF WASHINGTON : 2021 SELECT COMMITTEE...","","2020-05-05"
"60","Congressional Hearings","CHRG-116shrg40791","CHRG-116shrg40791","Roundtable: Continuity of Senate. Operations and Remote Voting in Times of Crisis","https://www.govinfo.gov/app/details/CHRG-116shrg40791/CHRG-116shrg40791","https://www.govinfo.gov/content/pkg/CHRG-116shrg40791/pdf/CHRG-116shrg40791.pdf","https://www.govinfo.gov/content/pkg/CHRG-116shrg40791/html/CHRG-116shrg40791.htm","","",""," THE COMMITTEE ON HOMELAND SECURITY AND GOVERNMENTAL AFFAIRS UNITED STATES SENATE ONE HUNDRED SIXTEENTH CONGRESS SECOND SESSION APRIL 30, 2020 Available via the World Wide Web: http://www.govinfo.gov Printed for the use of the Committee on Homeland Security and Governmental Affairs [GRAPHIC NOT AVAILABLE IN TIFF FORMAT] U.S. GOVERNMENT PUBLISHING ...","","2020-04-30"
"61","Congressional Hearings","CHRG-116shrg44021","CHRG-116shrg44021","The Government Accountability Office's Annual Report on the Nation's Fiscal Health","https://www.govinfo.gov/app/details/CHRG-116shrg44021/CHRG-116shrg44021","https://www.govinfo.gov/content/pkg/CHRG-116shrg44021/pdf/CHRG-116shrg44021.pdf","https://www.govinfo.gov/content/pkg/CHRG-116shrg44021/html/CHRG-116shrg44021.htm","","","","STATES SENATE ONE HUNDRED SIXTEENTH CONGRESS SECOND SESSION March 12, 2020 Printed for the use of the Committee on the Budget [GRAPHIC NOT AVAILABLE IN TIFF FORMAT] U.S. GOVERNMENT PUBLISHING OFFICE 44-021 WASHINGTON : 2021 COMMITTEE ON THE BUDGET MICHAEL B. ENZI, Wyoming, Chairman CHARLES E. GRASSLEY, Iowa BERNARD SANDERS, Vermont MIKE CRAPO, ...","","2020-03-12"
"62","Congressional Hearings","CHRG-116shrg40985","CHRG-116shrg40985","Nine Years of Brutality: Assad's Campaign Against the Syrian People","https://www.govinfo.gov/app/details/CHRG-116shrg40985/CHRG-116shrg40985","https://www.govinfo.gov/content/pkg/CHRG-116shrg40985/pdf/CHRG-116shrg40985.pdf","https://www.govinfo.gov/content/pkg/CHRG-116shrg40985/html/CHRG-116shrg40985.htm","","",""," ONE HUNDRED SIXTEENTH CONGRESS SECOND SESSION MARCH 11, 2020 Printed for the use of the Committee on Foreign Relations [GRAPHIC NOT AVAILABLE IN TIFF FORMAT] Available via the World Wide Web: http://www.govinfo.gov U.S. GOVERNMENT PUBLISHING OFFICE 40-985 PDF WASHINGTON : 2020 COMMITTEE ON FOREIGN RELATIONS JAMES E. RISCH, Idaho, Chairman ...","","2020-03-11"
"63","Congressional Hearings","CHRG-116shrg19104896","CHRG-116shrg19104896","Department of Defense Appropriations for Fiscal Year 2021","https://www.govinfo.gov/app/details/CHRG-116shrg19104896/CHRG-116shrg19104896","https://www.govinfo.gov/content/pkg/CHRG-116shrg19104896/pdf/CHRG-116shrg19104896.pdf","https://www.govinfo.gov/content/pkg/CHRG-116shrg19104896/html/CHRG-116shrg19104896.htm","","","",", DC. The subcommittee met at 10 a.m., in room SD-138, Dirksen Senate Office Building, Hon. Richard Shelby (chairman) presiding. Present: Senators Shelby, Collins, Murkowski, Hoeven, Durbin, Murray, Reed, and Baldwin. DEPARTMENT OF DEFENSE Department of the Navy Office of the Secretary STATEMENT OF HON. THOMAS B. MODLY, ACTING SECRETARY ...","","2020-03-11"
"64","Congressional Hearings","CHRG-116shrg40362","CHRG-116shrg40362","Hearing on the Nominations of Douglas Benevento, Nominee to Be Deputy Administrator, U.S. Environmental Protection Agency; the Honorable David A. Wright, Nominee to Be a Member, U.S. Nuclear Regulatory Commission; and Christopher T. Hanson, Nominee to Be a Member, U.S. Nuclear Regulatory Commission","https://www.govinfo.gov/app/details/CHRG-116shrg40362/CHRG-116shrg40362","https://www.govinfo.gov/content/pkg/CHRG-116shrg40362/pdf/CHRG-116shrg40362.pdf","https://www.govinfo.gov/content/pkg/CHRG-116shrg40362/html/CHRG-116shrg40362.htm","","",""," DAVID A. WRIGHT, NOMINEE TO BE A MEMBER, U.S. NUCLEAR REGULATORY COMMISSION; AND CHRISTOPHER T. HANSON, NOMINEE TO BE A MEMBER, U.S. NUCLEAR REGULATORY COMMISSION HEARING BEFORE THE COMMITTEE ON ENVIRONMENT AND PUBLIC WORKS UNITED STATES SENATE ONE HUNDRED SIXTEENTH CONGRESS SECOND SESSION MARCH 11, 2020 Printed for the use of the Committee on ...","","2020-03-11"
"65","Congressional Hearings","CHRG-116shrg40360","CHRG-116shrg40360","Nomination Hearing of James Edwin Trainor III for Commissioner of the Federal Election Commission","https://www.govinfo.gov/app/details/CHRG-116shrg40360/CHRG-116shrg40360","https://www.govinfo.gov/content/pkg/CHRG-116shrg40360/pdf/CHRG-116shrg40360.pdf","https://www.govinfo.gov/content/pkg/CHRG-116shrg40360/html/CHRG-116shrg40360.htm","","",""," AND ADMINISTRATION UNITED STATES SENATE ONE HUNDRED SIXTEENTH CONGRESS SECOND SESSION MARCH 10, 2020 Printed for the use of the Committee on Rules and Administration [GRAPHIC(S) NOT AVAILABLE IN TIFF FORMAT] Available on http://www.govinfo.gov ______ U.S. GOVERNMENT PUBLISHING OFFICE 40-360 PDF WASHINGTON : 2020 COMMITTEE ON RULES AND ...","","2020-03-10"
"66","Congressional Hearings","CHRG-116shrg41862","CHRG-116shrg41862","The Global Engagement Center: Leading the United States Government's Fight Against Global Disinformation Threat","https://www.govinfo.gov/app/details/CHRG-116shrg41862/CHRG-116shrg41862","https://www.govinfo.gov/content/pkg/CHRG-116shrg41862/pdf/CHRG-116shrg41862.pdf","https://www.govinfo.gov/content/pkg/CHRG-116shrg41862/html/CHRG-116shrg41862.htm","","",""," ON STATE DEPARTMENT AND USAID MANAGEMENT, INTERNATIONAL OPERATIONS, AND BILATERAL INTERNATIONAL DEVELOPMENT OF THE COMMITTEE ON FOREIGN RELATIONS UNITED STATES SENATE ONE HUNDRED SIXTEENTH CONGRESS SECOND SESSION MARCH 5, 2020 Printed for the use of the Committee on Foreign Relations [GRAPHIC NOT AVAILABLE IN TIFF FORMAT] Available via ...","","2020-03-05"
"67","Congressional Hearings","CHRG-116shrg42246","CHRG-116shrg42246","Threats Posed by State-Owned and State-Supported Enterprises to Public Transportation","https://www.govinfo.gov/app/details/CHRG-116shrg42246/CHRG-116shrg42246","https://www.govinfo.gov/content/pkg/CHRG-116shrg42246/pdf/CHRG-116shrg42246.pdf","https://www.govinfo.gov/content/pkg/CHRG-116shrg42246/html/CHRG-116shrg42246.htm","","","",",AND URBAN AFFAIRS UNITED STATES SENATE ONE HUNDRED SIXTEENTH CONGRESS SECOND SESSION ON EXAMINING THE THREATS POSED BY STATE-OWNED AND STATE-SUPPORTED ENTERPRISES TO PUBLIC TRANSPORTATION MARCH 5, 2020 Printed for the use of the Committee on Banking, Housing, and Urban Affairs [GRAPHIC(S) NOT AVAILABLE IN TIFF FORMAT] Available at: https: //...","","2020-03-05"
"68","Congressional Hearings","CHRG-116shrg19104892","CHRG-116shrg19104892","Departments of Labor, Health and Human Services, and Education, and Related Agencies Appropriations for Fiscal Year 2021","https://www.govinfo.gov/app/details/CHRG-116shrg19104892/CHRG-116shrg19104892","https://www.govinfo.gov/content/pkg/CHRG-116shrg19104892/pdf/CHRG-116shrg19104892.pdf","https://www.govinfo.gov/content/pkg/CHRG-116shrg19104892/html/CHRG-116shrg19104892.htm","","",""," Senate, Subcommittee of the Committee on Appropriations, Washington, DC. The subcommittee met at 10:08 a.m. in room SD-124, Dirksen Senate Office Building, Hon. Roy Blunt (chairman) presiding. Present: Senators Blunt, Alexander, Capito, Kennedy, Hyde- Smith, Lankford, Murray, Shaheen, Merkley, Schatz, Baldwin, Murphy, and Manchin. DEPARTMENT OF ...","","2020-03-05"
"69","Congressional Hearings","CHRG-116shrg40627","CHRG-116shrg40627","Oversight of the Nuclear Regulatory Commission","https://www.govinfo.gov/app/details/CHRG-116shrg40627/CHRG-116shrg40627","https://www.govinfo.gov/content/pkg/CHRG-116shrg40627/pdf/CHRG-116shrg40627.pdf","https://www.govinfo.gov/content/pkg/CHRG-116shrg40627/html/CHRG-116shrg40627.htm","","","","HUNDRED SIXTEENTH CONGRESS SECOND SESSION MARCH 4, 2020 Printed for the use of the Committee on Environment and Public Works [GRAPHIC(S) NOT AVAILABLE IN TIFF FORMAT] Available via the World Wide Web: http://www.govinfo.gov ______ U.S. GOVERNMENT PUBLISHING OFFICE 40-627 PDF WASHINGTON : 2020 COMMITTEE ON ENVIRONMENT AND PUBLIC WORKS ONE HUNDRED ...","","2020-03-04"
"70","Congressional Hearings","CHRG-116shrg40490","CHRG-116shrg40490","S. 2610, the Tribal Energy Reauthorization Act; and S. 2891, the Tribal Wildlife Corridors Act of 2019","https://www.govinfo.gov/app/details/CHRG-116shrg40490/CHRG-116shrg40490","https://www.govinfo.gov/content/pkg/CHRG-116shrg40490/pdf/CHRG-116shrg40490.pdf","https://www.govinfo.gov/content/pkg/CHRG-116shrg40490/html/CHRG-116shrg40490.htm","","",""," INDIAN AFFAIRS UNITED STATES SENATE ONE HUNDRED SIXTEENTH CONGRESS SECOND SESSION MARCH 4, 2020 Printed for the use of the Committee on Indian Affairs [GRAPHIC(S) NOT AVAILABLE IN TIFF FORMAT] U.S. GOVERNMENT PUBLISHING OFFICE 40-490 PDF WASHINGTON : 2020 COMMITTEE ON INDIAN AFFAIRS JOHN HOEVEN, North Dakota, Chairman TOM UDALL, New Mexico, Vice ...","","2020-03-04"
"71","Congressional Hearings","CHRG-116shrg42783","CHRG-116shrg42783","Joint Hearing on the Legislative Presentation of the Veterans of Foreign Wars of the United States","https://www.govinfo.gov/app/details/CHRG-116shrg42783/CHRG-116shrg42783","https://www.govinfo.gov/content/pkg/CHRG-116shrg42783/pdf/CHRG-116shrg42783.pdf","https://www.govinfo.gov/content/pkg/CHRG-116shrg42783/html/CHRG-116shrg42783.htm","","","","VETERANS' AFFAIRS BEFORE THE U.S. HOUSE OF REPRESENTATIVES AND THE U.S. SENATE ONE HUNDRED SIXTEENTH CONGRESS SECOND SESSION MARCH 4, 2020 Formatted for the use of the Committee on Veterans' Affairs [GRAPHIC(S) NOT AVAILABLE IN TIFF FORMAT] Available via the World Wide Web: http://www.govinfo.gov ______ U.S. GOVERNMENT PUBLISHING OFFICE 42-783 PDF ...","","2020-03-04"
"72","Congressional Hearings","CHRG-116shrg40973","CHRG-116shrg40973","Resources and Authorities Needed to Protect and Secure the Homeland","https://www.govinfo.gov/app/details/CHRG-116shrg40973/CHRG-116shrg40973","https://www.govinfo.gov/content/pkg/CHRG-116shrg40973/pdf/CHRG-116shrg40973.pdf","https://www.govinfo.gov/content/pkg/CHRG-116shrg40973/html/CHRG-116shrg40973.htm","","",""," AFFAIRS UNITED STATES SENATE ONE HUNDRED SIXTEENTH CONGRESS SECOND SESSION MARCH 4, 2020 Available via the World Wide Web: http://www.govinfo.gov Printed for the use of the Committee on Homeland Security and Governmental Affairs [GRAPHIC(S) NOT AVAILABLE IN TIFF FORMAT] U.S. GOVERNMENT PUBLISHING OFFICE 40-973 PDF WASHINGTON: 2021 COMMITTEE ON ...","","2020-03-04"
"73","Congressional Hearings","CHRG-116shrg19104895","CHRG-116shrg19104895","Department of Defense Appropriations for Fiscal Year 2021","https://www.govinfo.gov/app/details/CHRG-116shrg19104895/CHRG-116shrg19104895","https://www.govinfo.gov/content/pkg/CHRG-116shrg19104895/pdf/CHRG-116shrg19104895.pdf","https://www.govinfo.gov/content/pkg/CHRG-116shrg19104895/html/CHRG-116shrg19104895.htm","","","",", DC. The subcommittee met at 10 a.m., in room SD-138, Dirksen Senate Office Building, Hon. Richard Shelby (chairman) presiding. Present: Senators Shelby, Hoeven, Boozman, Durbin, Leahy, Tester, and Baldwin. DEPARTMENT OF DEFENSE National Guard and Reserve STATEMENT OF GENERAL JOSEPH L. LENGYEL, CHIEF, NATIONAL GUARD BUREAU opening statement ...","","2020-03-04"
"74","Congressional Hearings","CHRG-116shrg40954","CHRG-116shrg40954","Joint Hearing on Legislative Presentations from WWP, BVA, NASDVA, VVA, MOPH, AMVETS","https://www.govinfo.gov/app/details/CHRG-116shrg40954/CHRG-116shrg40954","https://www.govinfo.gov/content/pkg/CHRG-116shrg40954/pdf/CHRG-116shrg40954.pdf","https://www.govinfo.gov/content/pkg/CHRG-116shrg40954/html/CHRG-116shrg40954.htm","","",""," BEFORE THE U.S. HOUSE OF REPRESENTATIVES AND THE U.S. SENATE ONE HUNDRED SIXTEENTH CONGRESS SECOND SESSION FEBRUARY 26, 2020 Printed for the use of Committee on Veterans Affairs [GRAPHICS NOT AVAILABLE IN TIFF FORMAT] U.S. GOVERNMENT PUBLISHING OFFICE 40-954 PDF WASHINGTON : 2020 JOINT HEARING ON LEGISLATIVE PRESENTATIONS FROM WWP, BVA, NASDVA, ...","","2020-02-26"
"75","Congressional Hearings","CHRG-116shrg40561","CHRG-116shrg40561","Improving Family Stability for the Well-Being of American Children","https://www.govinfo.gov/app/details/CHRG-116shrg40561/CHRG-116shrg40561","https://www.govinfo.gov/content/pkg/CHRG-116shrg40561/pdf/CHRG-116shrg40561.pdf","https://www.govinfo.gov/content/pkg/CHRG-116shrg40561/html/CHRG-116shrg40561.htm","","",""," STATES ONE HUNDRED SIXTEENTH CONGRESS SECOND SESSION FEBRUARY 25, 2020 Printed for the use of the Joint Economic Committee [GRAPHIC NOT AVAILABLE IN TIFF FORMAT] Available via the World Wide Web: http://www.govinfo.gov U.S. GOVERNMENT PUBLISHING OFFICE 40-561 PDF WASHINGTON : 2020 JOINT ECONOMIC COMMITTEE [Created pursuant to Sec. 5(a) of Public ...","","2020-02-25"
"76","Congressional Hearings","CHRG-116shrg40910","CHRG-116shrg40910","The President's Budget Request for the USDA Forest Service for Fiscal Year 2021","https://www.govinfo.gov/app/details/CHRG-116shrg40910/CHRG-116shrg40910","https://www.govinfo.gov/content/pkg/CHRG-116shrg40910/pdf/CHRG-116shrg40910.pdf","https://www.govinfo.gov/content/pkg/CHRG-116shrg40910/html/CHRG-116shrg40910.htm","","",""," UNITED STATES SENATE ONE HUNDRED SIXTEENTH CONGRESS SECOND SESSION FEBRUARY 25, 2020 [GRAPHIC(S) NOT AVAILABLE IN TIFF FORMAT] Printed for the use of the Committee on Energy and Natural Resources Available via the World Wide Web: http://www.govinfo.gov ______ U.S. GOVERNMENT PUBLISHING OFFICE 40-910 WASHINGTON : 2021 COMMITTEE ON ENERGY AND...","","2020-02-25"
"77","Congressional Hearings","CHRG-116shrg40984","CHRG-116shrg40984","North Korea Policy One Year After Hanoi","https://www.govinfo.gov/app/details/CHRG-116shrg40984/CHRG-116shrg40984","https://www.govinfo.gov/content/pkg/CHRG-116shrg40984/pdf/CHRG-116shrg40984.pdf","https://www.govinfo.gov/content/pkg/CHRG-116shrg40984/html/CHRG-116shrg40984.htm","","",""," OF THE COMMITTEE ON FOREIGN RELATIONS UNITED STATES SENATE ONE HUNDRED SIXTEENTH CONGRESS SECOND SESSION FEBRUARY 25, 2020 Printed for the use of the Committee on Foreign Relations [GRAPHIC NOT AVAILABLE IN TIFF FORMAT] Available via the World Wide Web: http://www.govinfo.gov U.S. GOVERNMENT PUBLISHING OFFICE 40-984 PDF WASHINGTON : 2020 ...","","2020-02-25"
"78","Congressional Hearings","CHRG-116shrg19104891","CHRG-116shrg19104891","Departments of Labor, Health and Human Services, and Education, and Related Agencies Appropriations for Fiscal Year 2021","https://www.govinfo.gov/app/details/CHRG-116shrg19104891/CHRG-116shrg19104891","https://www.govinfo.gov/content/pkg/CHRG-116shrg19104891/pdf/CHRG-116shrg19104891.pdf","https://www.govinfo.gov/content/pkg/CHRG-116shrg19104891/html/CHRG-116shrg19104891.htm","","","",". Senate, Subcommittee of the Committee on Appropriations, Washington, DC. The subcommittee met at 10:34 a.m. in room SD-124, Dirksen Senate Office Building, Hon. Roy Blunt (chairman) presiding. Present: Senators Blunt, Shelby, Alexander, Kennedy, Hyde- Smith, Rubio, Murray, Durbin, Shaheen, Merkley, Schatz, Baldwin, Murphy, and Leahy. DEPARTMENT...","","2020-02-25"
"79","Congressional Hearings","CHRG-116shrg40240","CHRG-116shrg40240","Nominations of Judy Shelton and Christopher Waller","https://www.govinfo.gov/app/details/CHRG-116shrg40240/CHRG-116shrg40240","https://www.govinfo.gov/content/pkg/CHRG-116shrg40240/pdf/CHRG-116shrg40240.pdf","https://www.govinfo.gov/content/pkg/CHRG-116shrg40240/html/CHRG-116shrg40240.htm","","",""," ONE HUNDRED SIXTEENTH CONGRESS SECOND SESSION ON NOMINATIONS OF: JUDY SHELTON, OF CALIFORNIA, TO BE A MEMBER OF THE BOARD OF GOVERNORS OF THE FEDERAL RESERVE SYSTEM CHRISTOPHER WALLER, OF MINNESOTA, TO BE A MEMBER OF THE BOARD OF GOVERNORS OF THE FEDERAL RESERVE SYSTEM FEBRUARY 13, 2020 Printed for the use of the Committee on Banking, Housing,...","","2020-02-13"
"80","Congressional Hearings","CHRG-116shrg40907","CHRG-116shrg40907","U.S.-Libya Policy","https://www.govinfo.gov/app/details/CHRG-116shrg40907/CHRG-116shrg40907","https://www.govinfo.gov/content/pkg/CHRG-116shrg40907/pdf/CHRG-116shrg40907.pdf","https://www.govinfo.gov/content/pkg/CHRG-116shrg40907/html/CHRG-116shrg40907.htm","","",""," FEBRUARY 12, 2020 Printed for the use of the Committee on Foreign Relations [GRAPHIC(S) NOT AVAILABLE IN TIFF FORMAT] Available via the World Wide Web: http://www.govinfo.gov ______ U.S. GOVERNMENT PUBLISHING OFFICE 40-907 PDF WASHINGTON : 2020 COMMITTEE ON FOREIGN RELATIONS JAMES E. RISCH, Idaho, Chairman MARCO RUBIO, Florida ROBERT MENENDEZ, ...","","2020-02-12"
"81","Congressional Hearings","CHRG-116shrg42742","CHRG-116shrg42742","The Semiannual Monetary Policy Report to the Congress","https://www.govinfo.gov/app/details/CHRG-116shrg42742/CHRG-116shrg42742","https://www.govinfo.gov/content/pkg/CHRG-116shrg42742/pdf/CHRG-116shrg42742.pdf","https://www.govinfo.gov/content/pkg/CHRG-116shrg42742/html/CHRG-116shrg42742.htm","","",""," SENATE ONE HUNDRED SIXTEENTH CONGRESS SECOND SESSION ON OVERSIGHT ON THE MONETARY POLICY REPORT TO CONGRESS PURSU- ANT TO THE FULL EMPLOYMENT AND BALANCED GROWTH ACT OF 1978 FEBRUARY 12, 2020 Printed for the use of the Committee on Banking, Housing, and Urban Affairs [GRAPHIC NOT AVAILABLE IN TIFF FORMAT] Available at: https: //www.govinfo.gov / ...","","2020-02-12"
"82","Congressional Hearings","CHRG-116shrg45146","CHRG-116shrg45146","President's Fiscal Year 2021 Budget","https://www.govinfo.gov/app/details/CHRG-116shrg45146/CHRG-116shrg45146","https://www.govinfo.gov/content/pkg/CHRG-116shrg45146/pdf/CHRG-116shrg45146.pdf","https://www.govinfo.gov/content/pkg/CHRG-116shrg45146/html/CHRG-116shrg45146.htm","","",""," SESSION FEBRUARY 12, 2020 Printed for the use of the Committee on Finance [GRAPHIC NOT AVAILABLE IN TIFF FORMAT] U.S. GOVERNMENT PUBLISHING OFFICE 45-146 PDF WASHINGTON : 2021 COMMITTEE ON FINANCE CHUCK GRASSLEY, Iowa, Chairman MIKE CRAPO, Idaho RON WYDEN, Oregon PAT ROBERTS, Kansas DEBBIE STABENOW, Michigan MICHAEL B. ENZI, Wyoming MARIA ...","","2020-02-12"
"83","Congressional Hearings","CHRG-116shrg40873","CHRG-116shrg40873","Business Meeting","https://www.govinfo.gov/app/details/CHRG-116shrg40873/CHRG-116shrg40873","https://www.govinfo.gov/content/pkg/CHRG-116shrg40873/pdf/CHRG-116shrg40873.pdf","https://www.govinfo.gov/content/pkg/CHRG-116shrg40873/html/CHRG-116shrg40873.htm","","",""," SESSION FEBRUARY 11, 2020 Printed for the use of the Committee on Environment and Public Works [GRAPHIC(S) NOT AVAILABLE IN TIFF FORMAT] Available via the World Wide Web: http://www.govinfo.gov ______ U.S. GOVERNMENT PUBLISHING OFFICE 40-873 PDF WASHINGTON : 2020 COMMITTEE ON ENVIRONMENT AND PUBLIC WORKS ONE HUNDRED SIXTEENTH CONGRESS SECOND ...","","2020-02-11"
"84","Congressional Hearings","CHRG-116shrg40386","CHRG-116shrg40386","The Afghanistan Papers: Costs and Benefits of America's Longest War","https://www.govinfo.gov/app/details/CHRG-116shrg40386/CHRG-116shrg40386","https://www.govinfo.gov/content/pkg/CHRG-116shrg40386/pdf/CHRG-116shrg40386.pdf","https://www.govinfo.gov/content/pkg/CHRG-116shrg40386/html/CHRG-116shrg40386.htm","","",""," EMERGENCY MANAGEMENT of the COMMITTEE ON HOMELAND SECURITY AND GOVERNMENTAL AFFAIRS UNITED STATES SENATE ONE HUNDRED SIXTEENTH CONGRESS SECOND SESSION FEBRUARY 11, 2020 Available via http://www.govinfo.gov Printed for the use of the Committee on Homeland Security and Governmental Affairs [GRAPHIC(S) NOT AVAILABLE IN TIFF FORMAT] ______ U.S. ...","","2020-02-11"
"85","Congressional Hearings","CHRG-116shrg40972","CHRG-116shrg40972","CYBERSECURITY-2020","https://www.govinfo.gov/app/details/CHRG-116shrg40972/CHRG-116shrg40972","https://www.govinfo.gov/content/pkg/CHRG-116shrg40972/pdf/CHRG-116shrg40972.pdf","https://www.govinfo.gov/content/pkg/CHRG-116shrg40972/html/CHRG-116shrg40972.htm","","",""," CONGRESS SECOND SESSION WHAT STATES, LOCALS, AND THE BUSINESS COMMUNITY SHOULD KNOW AND DO: A ROADMAP FOR EFFECTIVE CYBERSECURITY, FEBRUARY 11, 2020 EVOLVING THE U.S. CYBERSECURITY STRATEGY AND POSTURE: REVIEWING THE CYBERSPACE SOLARIUM COMMISSION REPORT, MAY 13, 2020 Available via the World Wide Web: http://www.govinfo.gov Printed for the use ...","","2020-02-11"
"86","Congressional Hearings","CHRG-116shrg44306","CHRG-116shrg44306","VA MISSION ACT: UPDATE ON THE IMPLEMENTATION OF THE COMMUNITY CARE NETWORK","https://www.govinfo.gov/app/details/CHRG-116shrg44306/CHRG-116shrg44306","https://www.govinfo.gov/content/pkg/CHRG-116shrg44306/pdf/CHRG-116shrg44306.pdf","https://www.govinfo.gov/content/pkg/CHRG-116shrg44306/html/CHRG-116shrg44306.htm","","",""," SENATE ONE HUNDRED SIXTEENTH CONGRESS SECOND SESSION FEBRUARY 5, 2020 Printed for the use of the Committee on Veterans' Affairs [GRAPHIC(S) NOT AVAILABLE IN TIFF FORMAT] Available via the World Wide Web: http://www.govinfo.gov ______ U.S. GOVERNMENT PUBLISHING OFFICE 44-306 PDF WASHINGTON : 2021 SENATE COMMITTEE ON VETERANS' AFFAIRS Jerry ...","","2020-02-05"
"87","Congressional Hearings","CHRG-116shrg45113","CHRG-116shrg45113","Nominations of Kipp Kranbuhl, to Be. Assistant Secretary for Financial Markets, Department of the Treasury; Sarah C. Arbes, to Be Assistant Secretary for Legislation, Department of Health and Human Services; and Jason J. Fichtner, to Be a Member of the Social Security Advisory Board, Social Security Administration","https://www.govinfo.gov/app/details/CHRG-116shrg45113/CHRG-116shrg45113","https://www.govinfo.gov/content/pkg/CHRG-116shrg45113/pdf/CHRG-116shrg45113.pdf","https://www.govinfo.gov/content/pkg/CHRG-116shrg45113/html/CHRG-116shrg45113.htm","","","","HUNDRED SIXTEENTH CONGRESS SECOND SESSION ON THE NOMINATIONS OF KIPP KRANBUHL, TO BE ASSISTANT SECRETARY FOR FINANCIAL MARKETS, DEPARTMENT OF THE TREASURY; SARAH C. ARBES, TO BE ASSISTANT SECRETARY FOR LEGISLATION, DEPARTMENT OF HEALTH AND HUMAN SERVICES; AND JASON J. FICHTNER, TO BE A MEMBER OF THE SOCIAL SECURITY ADVISORY BOARD, SOCIAL SECURITY ...","","2020-02-05"
"88","Congressional Hearings","CHRG-116shrg42433","CHRG-116shrg42433","Oversight of the U.S. Fish and Wildlife Service","https://www.govinfo.gov/app/details/CHRG-116shrg42433/CHRG-116shrg42433","https://www.govinfo.gov/content/pkg/CHRG-116shrg42433/pdf/CHRG-116shrg42433.pdf","https://www.govinfo.gov/content/pkg/CHRG-116shrg42433/html/CHRG-116shrg42433.htm","","",""," HUNDRED SIXTEENTH CONGRESS SECOND SESSION FEBRUARY 5, 2020 Printed for the use of the Committee on Environment and Public Works [GRAPHIC NOT AVAILABLE IN TIFF FORMAT] Available via the World Wide Web: http://www.govinfo.gov U.S. GOVERNMENT PUBLISHING OFFICE 42-433 PDF WASHINGTON : 2020 COMMITTEE ON ENVIRONMENT AND PUBLIC WORKS ONE HUNDRED ...","","2020-02-05"
"89","Congressional Hearings","CHRG-116shrg42637","CHRG-116shrg42637","Stakeholder Perspectives on the Importance of the U.S. Chemical Safety and Hazard Investigation Board","https://www.govinfo.gov/app/details/CHRG-116shrg42637/CHRG-116shrg42637","https://www.govinfo.gov/content/pkg/CHRG-116shrg42637/pdf/CHRG-116shrg42637.pdf","https://www.govinfo.gov/content/pkg/CHRG-116shrg42637/html/CHRG-116shrg42637.htm","","",""," ENVIRONMENT AND PUBLIC WORKS UNITED STATES SENATE ONE HUNDRED SIXTEENTH CONGRESS SECOND SESSION JANUARY 29, 2020 Printed for the use of the Committee on Environment and Public Works [GRAPHIC(S) NOT AVAILABLE IN TIFF FORMAT] Available via the World Wide Web: http://www.govinfo.gov ______ U.S. GOVERNMENT PUBLISHING OFFICE 42-637PDF WASHINGTON : 2021...","","2020-01-29"
"90","Congressional Hearings","CHRG-116shrg39977","CHRG-116shrg39977","Examining the Root Causes of America's Unsustainable Fiscal Path","https://www.govinfo.gov/app/details/CHRG-116shrg39977/CHRG-116shrg39977","https://www.govinfo.gov/content/pkg/CHRG-116shrg39977/pdf/CHRG-116shrg39977.pdf","https://www.govinfo.gov/content/pkg/CHRG-116shrg39977/html/CHRG-116shrg39977.htm","","",""," UNITED STATES SENATE ONE HUNDRED SIXTEENTH CONGRESS SECOND SESSION JANUARY 28, 2020 Available via the World Wide Web: http://www.govinfo.gov Printed for the use of the Committee on Homeland Security and Governmental Affairs [GRAPHIC(S) NOT AVAILABLE IN TIFF FORMAT] ______ U.S. GOVERNMENT PUBLISHING OFFICE 39-977PDF WASHINGTON : 2020 ...","","2020-01-28"
"91","Congressional Hearings","CHRG-116shrg40975","CHRG-116shrg40975","Oversight of the Economic Development Administration","https://www.govinfo.gov/app/details/CHRG-116shrg40975/CHRG-116shrg40975","https://www.govinfo.gov/content/pkg/CHRG-116shrg40975/pdf/CHRG-116shrg40975.pdf","https://www.govinfo.gov/content/pkg/CHRG-116shrg40975/html/CHRG-116shrg40975.htm","","",""," ONE HUNDRED SIXTEENTH CONGRESS SECOND SESSION JANUARY 22, 2020 Printed for the use of the Committee on Environment and Public Works [GRAPHIC NOT AVAILABLE IN TIFF FORMAT] Available via the World Wide Web: http://www.govinfo.gov U.S. GOVERNMENT PUBLISHING OFFICE 40-975 PDF WASHINGTON : 2020 COMMITTEE ON ENVIRONMENT AND PUBLIC WORKS ONE HUNDRED ...","","2020-01-22"
"92","Congressional Hearings","CHRG-116shrg40225","CHRG-116shrg40225","One Year of Progress: An Update on Implementation of the Nuclear Energy Innovation and Modernization Act","https://www.govinfo.gov/app/details/CHRG-116shrg40225/CHRG-116shrg40225","https://www.govinfo.gov/content/pkg/CHRG-116shrg40225/pdf/CHRG-116shrg40225.pdf","https://www.govinfo.gov/content/pkg/CHRG-116shrg40225/html/CHRG-116shrg40225.htm","","",""," ON ENVIRONMENT AND PUBLIC WORKS UNITED STATES SENATE ONE HUNDRED SIXTEENTH CONGRESS SECOND SESSION JANUARY 15, 2020 Printed for the use of the Committee on Environment and Public Works [GRAPHIC NOT AVAILABLE IN TIFF FORMAT] Available via the World Wide Web: http://www.govinfo.gov U.S. GOVERNMENT PUBLISHING OFFICE 40-225 PDF WASHINGTON : 2020 ...","","2020-01-15"
"93","Congressional Hearings","CHRG-116shrg40834","CHRG-116shrg40834","Business Meeting","https://www.govinfo.gov/app/details/CHRG-116shrg40834/CHRG-116shrg40834","https://www.govinfo.gov/content/pkg/CHRG-116shrg40834/pdf/CHRG-116shrg40834.pdf","https://www.govinfo.gov/content/pkg/CHRG-116shrg40834/html/CHRG-116shrg40834.htm","","",""," SESSION JANUARY 14, 2020 Printed for the use of the Committee on Environment and Public Works [GRAPHIC(S) NOT AVAILABLE IN TIFF FORMAT] Available via the World Wide Web: http://www.govinfo.gov U.S. GOVERNMENT PUBLISHING OFFICE 40-834 PDF WASHINGTON : 2020 COMMITTEE ON ENVIRONMENT AND PUBLIC WORKS ONE HUNDRED SIXTEENTH CONGRESS SECOND SESSION ...","","2020-01-14"
"94","Congressional Hearings","CHRG-116shrg39944","CHRG-116shrg39944","The Nonpoint Source Management Program Under the Clean Water Act: Perspectives from States","https://www.govinfo.gov/app/details/CHRG-116shrg39944/CHRG-116shrg39944","https://www.govinfo.gov/content/pkg/CHRG-116shrg39944/pdf/CHRG-116shrg39944.pdf","https://www.govinfo.gov/content/pkg/CHRG-116shrg39944/html/CHRG-116shrg39944.htm","","",""," AND PUBLIC WORKS UNITED STATES SENATE ONE HUNDRED SIXTEENTH CONGRESS SECOND SESSION JANUARY 8, 2020 Printed for the use of the Committee on Environment and Public Works [GRAPHIC(S) NOT AVAILABLE IN TIFF FORMAT] Available via the World Wide Web: http://www.govinfo.gov U.S. GOVERNMENT PUBLISHING OFFICE 39-944 PDF WASHINGTON : 2020 COMMITTEE ON ...","","2020-01-08"
"95","Congressional Hearings","CHRG-116shrg45018","CHRG-116shrg45018","Nominations of the 116th Congress, Second Session","https://www.govinfo.gov/app/details/CHRG-116shrg45018/CHRG-116shrg45018","https://www.govinfo.gov/content/pkg/CHRG-116shrg45018/pdf/CHRG-116shrg45018.pdf","https://www.govinfo.gov/content/pkg/CHRG-116shrg45018/html/CHRG-116shrg45018.htm","","",""," SIXTEENTH CONGRESS SECOND SESSION JANUARY 3, 2020 TO JANUARY 3, 2021 Printed for the use of the Committee on Foreign Relations Available via the World Wide Web: http://www.govinfo.gov NOMINATIONS OF THE 116TH CONGRESS, SECOND SESSION S. Hrg. 116-465 NOMINATIONS OF THE 116TH CONGRESS, SECOND SESSION HEARINGS BEFORE THE COMMITTEE ON FOREIGN ...","","2020-01-03"
